{"cameraMode":{"drawMode":0,"name":"Shaded","section":"Shading Mode"},"sceneLighting":true,"audioPlay":false,"sceneViewState":{"m_AlwaysRefresh":false,"showFog":true,"showSkybox":true,"showFlares":true,"showImageEffects":true,"showParticleSystems":true,"showVisualEffectGraphs":true,"m_FxEnabled":true},"in2DMode":false,"pivot":{"x":11.306903839111329,"y":8.963775634765625,"z":-5.443937301635742},"rotation":{"x":0.08320394903421402,"y":0.9125872254371643,"z":-0.23350806534290315,"w":0.3251754641532898},"size":25.211946487426759,"orthographic":false}